{
  "project_info": {
    "project_number": "1050797745884",
    "project_id": "coniv3-19328",
    "storage_bucket": "coniv3-19328.appspot.com"
  },
  "client": [
    {
      "client_info": {
        "mobilesdk_app_id": "1:1050797745884:android:140eb76ec25f13828ff619",
        "android_client_info": {
          "package_name": "com.coniv3.app"
        }
      },
      "oauth_client": [],
      "api_key": [
        {
          "current_key": "AIzaSyCEoJirxTJZkf8QMTzlw6ZnwCq_6-iwKQ8"
        }
      ],
      "services": {
        "appinvite_service": {
          "other_platform_oauth_client": []
        }
      }
    },
    {
      "client_info": {
        "mobilesdk_app_id": "1:1050797745884:android:a9f593590532d9058ff619",
        "android_client_info": {
          "package_name": "com.example.coniv_3_dream"
        }
      },
      "oauth_client": [],
      "api_key": [
        {
          "current_key": "AIzaSyCEoJirxTJZkf8QMTzlw6ZnwCq_6-iwKQ8"
        }
      ],
      "services": {
        "appinvite_service": {
          "other_platform_oauth_client": []
        }
      }
    }
  ],
  "configuration_version": "1"
}
