{"flutter":{"platforms":{"android":{"default":{"projectId":"coniv3-19328","appId":"1:1050797745884:android:a9f593590532d9058ff619","fileOutput":"android/app/google-services.json"}},"ios":{"default":{"projectId":"coniv3-19328","appId":"1:1050797745884:ios:7b548b732664b07d8ff619","uploadDebugSymbols":false,"fileOutput":"ios/Runner/GoogleService-Info.plist"}},"dart":{"lib/firebase_options.dart":{"projectId":"coniv3-19328","configurations":{"android":"1:1050797745884:android:a9f593590532d9058ff619","ios":"1:1050797745884:ios:7b548b732664b07d8ff619"}}}}}}